display_name,slug,parent_slug,region_type
개포동,개포동,강남구,eupmyeondong
논현동,논현동,강남구,eupmyeondong
대치동,대치동,강남구,eupmyeondong
도곡동,도곡동,강남구,eupmyeondong
삼성동,삼성동,강남구,eupmyeondong
세곡동,세곡동,강남구,eupmyeondong
수서동,수서동,강남구,eupmyeondong
압구정동,압구정동,강남구,eupmyeondong
역삼동,역삼동,강남구,eupmyeondong
일원동,일원동,강남구,eupmyeondong
자곡동,자곡동,강남구,eupmyeondong
청담동,청담동,강남구,eupmyeondong
강일동,강일동,강동구,eupmyeondong
고덕동,고덕동,강동구,eupmyeondong
둔촌동,둔촌동,강동구,eupmyeondong
명일동,명일동,강동구,eupmyeondong
상일동,상일동,강동구,eupmyeondong
성내동,성내동,강동구,eupmyeondong
암사동,암사동,강동구,eupmyeondong
천호동,천호동,강동구,eupmyeondong
미아동,미아동,강북구,eupmyeondong
수유동,수유동,강북구,eupmyeondong
우이동,우이동,강북구,eupmyeondong
가양동,가양동,강서구,eupmyeondong
내발산동,내발산동,강서구,eupmyeondong
등촌동,등촌동,강서구,eupmyeondong
마곡동,마곡동,강서구,eupmyeondong
명지동,명지동,강서구,eupmyeondong
방화동,방화동,강서구,eupmyeondong
염창동,염창동,강서구,eupmyeondong
화곡동,화곡동,강서구,eupmyeondong
경안동,경안동,경기광주,eupmyeondong
쌍령동,쌍령동,경기광주,eupmyeondong
오포읍,오포읍,경기광주,eupmyeondong
초월읍,초월읍,경기광주,eupmyeondong
탄벌동,탄벌동,경기광주,eupmyeondong
태전동,태전동,경기광주,eupmyeondong
백천동,백천동,경산,eupmyeondong
상방동,상방동,경산,eupmyeondong
옥곡동,옥곡동,경산,eupmyeondong
옥산동,옥산동,경산,eupmyeondong
임당동,임당동,경산,eupmyeondong
정평동,정평동,경산,eupmyeondong
중방동,중방동,경산,eupmyeondong
계산동,계산동,계양구,eupmyeondong
작전동,작전동,계양구,eupmyeondong
효성동,효성동,계양구,eupmyeondong
별양동,별양동,과천,eupmyeondong
부림동,부림동,과천,eupmyeondong
원문동,원문동,과천,eupmyeondong
봉천동,봉천동,관악구,eupmyeondong
신림동,신림동,관악구,eupmyeondong
광명동,광명동,광명,eupmyeondong
소하동,소하동,광명,eupmyeondong
일직동,일직동,광명,eupmyeondong
철산동,철산동,광명,eupmyeondong
하안동,하안동,광명,eupmyeondong
광주월계동,광주월계동,광산구,eupmyeondong
도산동,도산동,광산구,eupmyeondong
비아동,비아동,광산구,eupmyeondong
산월동,산월동,광산구,eupmyeondong
산정동,산정동,광산구,eupmyeondong
선암동,선암동,광산구,eupmyeondong
소촌동,소촌동,광산구,eupmyeondong
수완동,수완동,광산구,eupmyeondong
신가동,신가동,광산구,eupmyeondong
쌍암동,쌍암동,광산구,eupmyeondong
장덕동,장덕동,광산구,eupmyeondong
노대동,노대동,광주남구,eupmyeondong
방림동,방림동,광주남구,eupmyeondong
백운동,백운동,광주남구,eupmyeondong
봉선동,봉선동,광주남구,eupmyeondong
월산동,월산동,광주남구,eupmyeondong
주월동,주월동,광주남구,eupmyeondong
진월동,진월동,광주남구,eupmyeondong
각하동,각하동,광주북구,eupmyeondong
두암동,두암동,광주북구,eupmyeondong
매곡동,매곡동,광주북구,eupmyeondong
문흥동,문흥동,광주북구,eupmyeondong
삼각동,삼각동,광주북구,eupmyeondong
신용동,신용동,광주북구,eupmyeondong
양산동,양산동,광주북구,eupmyeondong
연제동,연제동,광주북구,eupmyeondong
오치동,오치동,광주북구,eupmyeondong
용봉동,용봉동,광주북구,eupmyeondong
우산동,우산동,광주북구,eupmyeondong
운암동,운암동,광주북구,eupmyeondong
일곡동,일곡동,광주북구,eupmyeondong
광주화정동,광주화정동,광주서구,eupmyeondong
광천동,광천동,광주서구,eupmyeondong
농성동,농성동,광주서구,eupmyeondong
쌍촌동,쌍촌동,광주서구,eupmyeondong
치평동,치평동,광주서구,eupmyeondong
풍암동,풍암동,광주서구,eupmyeondong
운남동,운남동,광주중구,eupmyeondong
광장동,광장동,광진구,eupmyeondong
구의동,구의동,광진구,eupmyeondong
군자동,군자동,광진구,eupmyeondong
능동,능동,광진구,eupmyeondong
자양동,자양동,광진구,eupmyeondong
중곡동,중곡동,광진구,eupmyeondong
화양동,화양동,광진구,eupmyeondong
개봉동,개봉동,구로구,eupmyeondong
고척동,고척동,구로구,eupmyeondong
구로동,구로동,구로구,eupmyeondong
신도림,신도림,구로구,eupmyeondong
오류동,오류동,구로구,eupmyeondong
온수동,온수동,구로구,eupmyeondong
천왕동,천왕동,구로구,eupmyeondong
갈매동,갈매동,구리,eupmyeondong
교문동,교문동,구리,eupmyeondong
수택동,수택동,구리,eupmyeondong
인창동,인창동,구리,eupmyeondong
토평동,토평동,구리,eupmyeondong
금정동,금정동,군포,eupmyeondong
산본동,산본동,군포,eupmyeondong
곡반정동,곡반정동,권선구,eupmyeondong
구운동,구운동,권선구,eupmyeondong
권선동,권선동,권선구,eupmyeondong
서둔동,서둔동,권선구,eupmyeondong
세류동,세류동,권선구,eupmyeondong
오목천동,오목천동,권선구,eupmyeondong
호매실동,호매실동,권선구,eupmyeondong
구서동,구서동,금정구,eupmyeondong
남산동,남산동,금정구,eupmyeondong
장전동,장전동,금정구,eupmyeondong
가산동,가산동,금천구,eupmyeondong
독산동,독산동,금천구,eupmyeondong
시흥동,시흥동,금천구,eupmyeondong
구갈동,구갈동,기흥구,eupmyeondong
동백동,동백동,기흥구,eupmyeondong
마북동,마북동,기흥구,eupmyeondong
보라동,보라동,기흥구,eupmyeondong
보정동,보정동,기흥구,eupmyeondong
상하동,상하동,기흥구,eupmyeondong
신갈동,신갈동,기흥구,eupmyeondong
언남동,언남동,기흥구,eupmyeondong
영덕동,영덕동,기흥구,eupmyeondong
청덕동,청덕동,기흥구,eupmyeondong
감정동,감정동,김포,eupmyeondong
걸포동,걸포동,김포,eupmyeondong
고촌읍,고촌읍,김포,eupmyeondong
구래동,구래동,김포,eupmyeondong
마산동,마산동,김포,eupmyeondong
북변동,북변동,김포,eupmyeondong
사우동,사우동,김포,eupmyeondong
양촌읍,양촌읍,김포,eupmyeondong
운양동,운양동,김포,eupmyeondong
장기동,장기동,김포,eupmyeondong
풍무동,풍무동,김포,eupmyeondong
간석동,간석동,남동구,eupmyeondong
구월동,구월동,남동구,eupmyeondong
만수동,만수동,남동구,eupmyeondong
서창동,서창동,남동구,eupmyeondong
인천논현동,인천논현동,남동구,eupmyeondong
금곡동,금곡동,남양주,eupmyeondong
다산동,다산동,남양주,eupmyeondong
도농동,도농동,남양주,eupmyeondong
별내동,별내동,남양주,eupmyeondong
오남읍,오남읍,남양주,eupmyeondong
와부읍,와부읍,남양주,eupmyeondong
진접읍,진접읍,남양주,eupmyeondong
퇴계원,퇴계원,남양주,eupmyeondong
평내동,평내동,남양주,eupmyeondong
호평동,호평동,남양주,eupmyeondong
화도읍,화도읍,남양주,eupmyeondong
공릉동,공릉동,노원구,eupmyeondong
상계동,상계동,노원구,eupmyeondong
월계동,월계동,노원구,eupmyeondong
중계동,중계동,노원구,eupmyeondong
하계동,하계동,노원구,eupmyeondong
고잔동,고잔동,단원구,eupmyeondong
선부동,선부동,단원구,eupmyeondong
와동,와동,단원구,eupmyeondong
원곡동,원곡동,단원구,eupmyeondong
초지동,초지동,단원구,eupmyeondong
갈산동,갈산동,달서구,eupmyeondong
감삼동,감삼동,달서구,eupmyeondong
본리동,본리동,달서구,eupmyeondong
상인동,상인동,달서구,eupmyeondong
성당동,성당동,달서구,eupmyeondong
월성동,월성동,달서구,eupmyeondong
유천동,유천동,달서구,eupmyeondong
대명동,대명동,대구남구,eupmyeondong
봉덕동,봉덕동,대구남구,eupmyeondong
방촌동,방촌동,대구동구,eupmyeondong
신기동,신기동,대구동구,eupmyeondong
신서동,신서동,대구동구,eupmyeondong
신암동,신암동,대구동구,eupmyeondong
율하동,율하동,대구동구,eupmyeondong
효목동,효목동,대구동구,eupmyeondong
관음동,관음동,대구북구,eupmyeondong
동변동,동변동,대구북구,eupmyeondong
매천동,매천동,대구북구,eupmyeondong
복현동,복현동,대구북구,eupmyeondong
산격동,산격동,대구북구,eupmyeondong
칠성동,칠성동,대구북구,eupmyeondong
침산동,침산동,대구북구,eupmyeondong
팔달동,팔달동,대구북구,eupmyeondong
내당동,내당동,대구서구,eupmyeondong
원대동,원대동,대구서구,eupmyeondong
중리동,중리동,대구서구,eupmyeondong
평리동,평리동,대구서구,eupmyeondong
봉산동,봉산동,대구중구,eupmyeondong
수창동,수창동,대구중구,eupmyeondong
목상동,목상동,대덕구,eupmyeondong
비래동,비래동,대덕구,eupmyeondong
석봉동,석봉동,대덕구,eupmyeondong
송촌동,송촌동,대덕구,eupmyeondong
신탄진동,신탄진동,대덕구,eupmyeondong
괴정동,괴정동,대전동구,eupmyeondong
둔산동,둔산동,대전동구,eupmyeondong
만년동,만년동,대전동구,eupmyeondong
홍도동,홍도동,대전동구,eupmyeondong
구암동,구암동,대전북구,eupmyeondong
갈마동,갈마동,대전서구,eupmyeondong
관저동,관저동,대전서구,eupmyeondong
도마동,도마동,대전서구,eupmyeondong
도안동,도안동,대전서구,eupmyeondong
복수동,복수동,대전서구,eupmyeondong
용문동,용문동,대전서구,eupmyeondong
월평동,월평동,대전서구,eupmyeondong
탄방동,탄방동,대전서구,eupmyeondong
중촌동,중촌동,대전중구,eupmyeondong
태평동,태평동,대전중구,eupmyeondong
고양동,고양동,덕양구,eupmyeondong
동산동,동산동,덕양구,eupmyeondong
삼송동,삼송동,덕양구,eupmyeondong
성사동,성사동,덕양구,eupmyeondong
신원동,신원동,덕양구,eupmyeondong
원당동,원당동,덕양구,eupmyeondong
원흥동,원흥동,덕양구,eupmyeondong
지축동,지축동,덕양구,eupmyeondong
토당동,토당동,덕양구,eupmyeondong
행신동,행신동,덕양구,eupmyeondong
화정동,화정동,덕양구,eupmyeondong
도봉동,도봉동,도봉구,eupmyeondong
방학동,방학동,도봉구,eupmyeondong
쌍문동,쌍문동,도봉구,eupmyeondong
창동,창동,도봉구,eupmyeondong
답십리,답십리,동대문,eupmyeondong
신설동,신설동,동대문,eupmyeondong
용두동,용두동,동대문,eupmyeondong
이문동,이문동,동대문,eupmyeondong
장안동,장안동,동대문,eupmyeondong
전농동,전농동,동대문,eupmyeondong
제기동,제기동,동대문,eupmyeondong
청량리,청량리,동대문,eupmyeondong
회기동,회기동,동대문,eupmyeondong
휘경동,휘경동,동대문,eupmyeondong
지행동,지행동,동두천,eupmyeondong
낙민동,낙민동,동래구,eupmyeondong
수안동,수안동,동래구,eupmyeondong
온천동,온천동,동래구,eupmyeondong
노량진,노량진,동작구,eupmyeondong
대방동,대방동,동작구,eupmyeondong
동작동,동작동,동작구,eupmyeondong
본동,본동,동작구,eupmyeondong
사당동,사당동,동작구,eupmyeondong
상도동,상도동,동작구,eupmyeondong
신대방,신대방,동작구,eupmyeondong
흑석동,흑석동,동작구,eupmyeondong
공덕동,공덕동,마포구,eupmyeondong
남가좌,남가좌,마포구,eupmyeondong
당인동,당인동,마포구,eupmyeondong
대흥동,대흥동,마포구,eupmyeondong
도화동,도화동,마포구,eupmyeondong
마포동,마포동,마포구,eupmyeondong
망원동,망원동,마포구,eupmyeondong
상수동,상수동,마포구,eupmyeondong
상암동,상암동,마포구,eupmyeondong
성산동,성산동,마포구,eupmyeondong
신수동,신수동,마포구,eupmyeondong
신정동,신정동,마포구,eupmyeondong
아현동,아현동,마포구,eupmyeondong
연남동,연남동,마포구,eupmyeondong
염리동,염리동,마포구,eupmyeondong
창천동,창천동,마포구,eupmyeondong
합정동,합정동,마포구,eupmyeondong
현저동,현저동,마포구,eupmyeondong
상동,상동,목포시,eupmyeondong
문학동,문학동,미추홀,eupmyeondong
주안동,주안동,미추홀,eupmyeondong
학익동,학익동,미추홀,eupmyeondong
구포동,구포동,부산북구,eupmyeondong
덕천동,덕천동,부산북구,eupmyeondong
만덕동,만덕동,부산북구,eupmyeondong
화명동,화명동,부산북구,eupmyeondong
가야동,가야동,부산진구,eupmyeondong
당감동,당감동,부산진구,eupmyeondong
부암동,부암동,부산진구,eupmyeondong
부전동,부전동,부산진구,eupmyeondong
연지동,연지동,부산진구,eupmyeondong
전포동,전포동,부산진구,eupmyeondong
초읍동,초읍동,부산진구,eupmyeondong
부개동,부개동,부평구,eupmyeondong
부평동,부평동,부평구,eupmyeondong
삼산동,삼산동,부평구,eupmyeondong
청천동,청천동,부평구,eupmyeondong
금호동,금호동,북구,eupmyeondong
구미동,구미동,분당구,eupmyeondong
백현동,백현동,분당구,eupmyeondong
분당동,분당동,분당구,eupmyeondong
삼평동,삼평동,분당구,eupmyeondong
서현동,서현동,분당구,eupmyeondong
수내동,수내동,분당구,eupmyeondong
야탑동,야탑동,분당구,eupmyeondong
운중동,운중동,분당구,eupmyeondong
이매동,이매동,분당구,eupmyeondong
정자동,정자동,분당구,eupmyeondong
감전동,감전동,사상구,eupmyeondong
모라동,모라동,사상구,eupmyeondong
당리동,당리동,사하구,eupmyeondong
본오동,본오동,상록구,eupmyeondong
성포동,성포동,상록구,eupmyeondong
월피동,월피동,상록구,eupmyeondong
가정동,가정동,서구,eupmyeondong
검암동,검암동,서구,eupmyeondong
마전동,마전동,서구,eupmyeondong
왕길동,왕길동,서구,eupmyeondong
청라동,청라동,서구,eupmyeondong
홍은동,홍은동,서대문구,eupmyeondong
홍제동,홍제동,서대문구,eupmyeondong
반포동,반포동,서초구,eupmyeondong
방배동,방배동,서초구,eupmyeondong
서초동,서초동,서초구,eupmyeondong
양재동,양재동,서초구,eupmyeondong
잠원동,잠원동,서초구,eupmyeondong
마장동,마장동,성동구,eupmyeondong
사근동,사근동,성동구,eupmyeondong
성수동,성수동,성동구,eupmyeondong
옥수동,옥수동,성동구,eupmyeondong
왕십리,왕십리,성동구,eupmyeondong
용답동,용답동,성동구,eupmyeondong
응봉동,응봉동,성동구,eupmyeondong
행당동,행당동,성동구,eupmyeondong
홍익동,홍익동,성동구,eupmyeondong
길음동,길음동,성북구,eupmyeondong
돈암동,돈암동,성북구,eupmyeondong
보문동,보문동,성북구,eupmyeondong
석관동,석관동,성북구,eupmyeondong
성북동,성북동,성북구,eupmyeondong
안암동,안암동,성북구,eupmyeondong
월곡동,월곡동,성북구,eupmyeondong
장위동,장위동,성북구,eupmyeondong
정릉동,정릉동,성북구,eupmyeondong
종암동,종암동,성북구,eupmyeondong
계수동,계수동,소사구,eupmyeondong
괴안동,괴안동,소사구,eupmyeondong
범박동,범박동,소사구,eupmyeondong
소사본동,소사본동,소사구,eupmyeondong
송내동,송내동,소사구,eupmyeondong
심곡본동,심곡본동,소사구,eupmyeondong
옥길동,옥길동,소사구,eupmyeondong
가락동,가락동,송파구,eupmyeondong
거여동,거여동,송파구,eupmyeondong
문정동,문정동,송파구,eupmyeondong
방이동,방이동,송파구,eupmyeondong
삼전동,삼전동,송파구,eupmyeondong
석촌동,석촌동,송파구,eupmyeondong
송파동,송파동,송파구,eupmyeondong
신천동,신천동,송파구,eupmyeondong
오금동,오금동,송파구,eupmyeondong
잠실동,잠실동,송파구,eupmyeondong
장지동,장지동,송파구,eupmyeondong
노변동,노변동,수성구,eupmyeondong
만촌동,만촌동,수성구,eupmyeondong
매호동,매호동,수성구,eupmyeondong
범물동,범물동,수성구,eupmyeondong
범어동,범어동,수성구,eupmyeondong
사월동,사월동,수성구,eupmyeondong
수성동,수성동,수성구,eupmyeondong
시지동,시지동,수성구,eupmyeondong
신매동,신매동,수성구,eupmyeondong
연호동,연호동,수성구,eupmyeondong
지산동,지산동,수성구,eupmyeondong
황금동,황금동,수성구,eupmyeondong
광안동,광안동,수영구,eupmyeondong
남천동,남천동,수영구,eupmyeondong
망미동,망미동,수영구,eupmyeondong
단대동,단대동,수정구,eupmyeondong
복정동,복정동,수정구,eupmyeondong
수진동,수진동,수정구,eupmyeondong
신흥동,신흥동,수정구,eupmyeondong
창곡동,창곡동,수정구,eupmyeondong
동천동,동천동,수지구,eupmyeondong
상현동,상현동,수지구,eupmyeondong
성복동,성복동,수지구,eupmyeondong
신봉동,신봉동,수지구,eupmyeondong
죽전동,죽전동,수지구,eupmyeondong
풍덕천동,풍덕천동,수지구,eupmyeondong
능곡동,능곡동,시흥,eupmyeondong
배곧동,배곧동,시흥,eupmyeondong
월곶동,월곶동,시흥,eupmyeondong
장곡동,장곡동,시흥,eupmyeondong
장현동,장현동,시흥,eupmyeondong
정왕동,정왕동,시흥,eupmyeondong
조남동,조남동,시흥,eupmyeondong
부곡동,부곡동,안산,eupmyeondong
관양동,관양동,안양,eupmyeondong
박달동,박달동,안양,eupmyeondong
비산동,비산동,안양,eupmyeondong
석수동,석수동,안양,eupmyeondong
안양동,안양동,안양,eupmyeondong
평촌동,평촌동,안양,eupmyeondong
호계동,호계동,안양,eupmyeondong
남부동,남부동,양산,eupmyeondong
물금읍,물금읍,양산,eupmyeondong
고암동,고암동,양주,eupmyeondong
고읍동,고읍동,양주,eupmyeondong
광사동,광사동,양주,eupmyeondong
덕계동,덕계동,양주,eupmyeondong
덕정동,덕정동,양주,eupmyeondong
만송동,만송동,양주,eupmyeondong
삼숭동,삼숭동,양주,eupmyeondong
옥정동,옥정동,양주,eupmyeondong
목동,목동,양천구,eupmyeondong
신월동,신월동,양천구,eupmyeondong
동춘동,동춘동,연수구,eupmyeondong
송도동,송도동,연수구,eupmyeondong
연수동,연수동,연수구,eupmyeondong
옥련동,옥련동,연수구,eupmyeondong
청학동,청학동,연수구,eupmyeondong
거제동,거제동,연제구,eupmyeondong
연산동,연산동,연제구,eupmyeondong
당산동,당산동,영등포,eupmyeondong
문래동,문래동,영등포,eupmyeondong
신길동,신길동,영등포,eupmyeondong
양평동,양평동,영등포,eupmyeondong
여의동,여의동,영등포,eupmyeondong
망포동,망포동,영통구,eupmyeondong
매탄동,매탄동,영통구,eupmyeondong
수원하동,수원하동,영통구,eupmyeondong
영통동,영통동,영통구,eupmyeondong
원천동,원천동,영통구,eupmyeondong
이의동,이의동,영통구,eupmyeondong
금암동,금암동,오산,eupmyeondong
부산동,부산동,오산,eupmyeondong
세교동,세교동,오산,eupmyeondong
수청동,수청동,오산,eupmyeondong
은계동,은계동,오산,eupmyeondong
고강동,고강동,오정구,eupmyeondong
여월동,여월동,오정구,eupmyeondong
오정동,오정동,오정구,eupmyeondong
원종동,원종동,오정구,eupmyeondong
광주흑석동,광주흑석동,용산구,eupmyeondong
도원동,도원동,용산구,eupmyeondong
신창동,신창동,용산구,eupmyeondong
용산동,용산동,용산구,eupmyeondong
효창동,효창동,용산구,eupmyeondong
달동,달동,울산남구,eupmyeondong
무거동,무거동,울산남구,eupmyeondong
옥동,옥동,울산남구,eupmyeondong
동부동,동부동,울산동구,eupmyeondong
방어동,방어동,울산동구,eupmyeondong
전하동,전하동,울산동구,eupmyeondong
달천동,달천동,울산북구,eupmyeondong
명촌동,명촌동,울산북구,eupmyeondong
상안동,상안동,울산북구,eupmyeondong
송정동,송정동,울산북구,eupmyeondong
야음동,야음동,울산북구,eupmyeondong
양정동,양정동,울산북구,eupmyeondong
연암동,연암동,울산북구,eupmyeondong
화봉동,화봉동,울산북구,eupmyeondong
교동,교동,울산중구,eupmyeondong
남외동,남외동,울산중구,eupmyeondong
반구동,반구동,울산중구,eupmyeondong
복산동,복산동,울산중구,eupmyeondong
성안동,성안동,울산중구,eupmyeondong
약사동,약사동,울산중구,eupmyeondong
우정동,우정동,울산중구,eupmyeondong
유곡동,유곡동,울산중구,eupmyeondong
태화동,태화동,울산중구,eupmyeondong
학산동,학산동,울산중구,eupmyeondong
학성동,학성동,울산중구,eupmyeondong
범서읍,범서읍,울주군,eupmyeondong
삼남읍,삼남읍,울주군,eupmyeondong
도당동,도당동,원미구,eupmyeondong
매교동,매교동,원미구,eupmyeondong
심곡동,심곡동,원미구,eupmyeondong
약대동,약대동,원미구,eupmyeondong
역곡동,역곡동,원미구,eupmyeondong
원미동,원미동,원미구,eupmyeondong
춘의동,춘의동,원미구,eupmyeondong
단계동,단계동,원주,eupmyeondong
단구동,단구동,원주,eupmyeondong
명륜동,명륜동,원주,eupmyeondong
무실동,무실동,원주,eupmyeondong
반곡동,반곡동,원주,eupmyeondong
관평동,관평동,유성구,eupmyeondong
교촌동,교촌동,유성구,eupmyeondong
덕명동,덕명동,유성구,eupmyeondong
둔곡동,둔곡동,유성구,eupmyeondong
반석동,반석동,유성구,eupmyeondong
복용동,복용동,유성구,eupmyeondong
상대동,상대동,유성구,eupmyeondong
원신흥동,원신흥동,유성구,eupmyeondong
장대동,장대동,유성구,eupmyeondong
지족동,지족동,유성구,eupmyeondong
학하동,학하동,유성구,eupmyeondong
갈현동,갈현동,은평구,eupmyeondong
녹번동,녹번동,은평구,eupmyeondong
불광동,불광동,은평구,eupmyeondong
수색동,수색동,은평구,eupmyeondong
신사동,신사동,은평구,eupmyeondong
역촌동,역촌동,은평구,eupmyeondong
응암동,응암동,은평구,eupmyeondong
진관동,진관동,은평구,eupmyeondong
고천동,고천동,의왕시,eupmyeondong
내손동,내손동,의왕시,eupmyeondong
오전동,오전동,의왕시,eupmyeondong
포일동,포일동,의왕시,eupmyeondong
금오동,금오동,의정부,eupmyeondong
낙양동,낙양동,의정부,eupmyeondong
민락동,민락동,의정부,eupmyeondong
산곡동,산곡동,의정부,eupmyeondong
신곡동,신곡동,의정부,eupmyeondong
용현동,용현동,의정부,eupmyeondong
의정부동,의정부동,의정부,eupmyeondong
장암동,장암동,의정부,eupmyeondong
호원동,호원동,의정부,eupmyeondong
부발읍,부발읍,이천,eupmyeondong
증포동,증포동,이천,eupmyeondong
영등동,영등동,익산,eupmyeondong
마두동,마두동,일산동구,eupmyeondong
백석동,백석동,일산동구,eupmyeondong
식사동,식사동,일산동구,eupmyeondong
일산풍동,일산풍동,일산동구,eupmyeondong
장항동,장항동,일산동구,eupmyeondong
정발산동,정발산동,일산동구,eupmyeondong
가좌동,가좌동,일산서구,eupmyeondong
대화동,대화동,일산서구,eupmyeondong
덕이동,덕이동,일산서구,eupmyeondong
주엽동,주엽동,일산서구,eupmyeondong
탄현동,탄현동,일산서구,eupmyeondong
천천동,천천동,장안구,eupmyeondong
덕진동,덕진동,전주,eupmyeondong
만성동,만성동,전주,eupmyeondong
삼천동,삼천동,전주,eupmyeondong
서신동,서신동,전주,eupmyeondong
송천동,송천동,전주,eupmyeondong
우아동,우아동,전주,eupmyeondong
인후동,인후동,전주,eupmyeondong
중화산동,중화산동,전주,eupmyeondong
평화동,평화동,전주,eupmyeondong
효천지구,효천지구,전주,eupmyeondong
노형동,노형동,제주시,eupmyeondong
망우동,망우동,중랑구,eupmyeondong
면목동,면목동,중랑구,eupmyeondong
묵동,묵동,중랑구,eupmyeondong
상봉동,상봉동,중랑구,eupmyeondong
신내동,신내동,중랑구,eupmyeondong
중화동,중화동,중랑구,eupmyeondong
황학동,황학동,중랑구,eupmyeondong
금광동,금광동,중원구,eupmyeondong
여수동,여수동,중원구,eupmyeondong
은행동,은행동,중원구,eupmyeondong
상남동,상남동,창원시-성산구,eupmyeondong
김량장동,김량장동,처인구,eupmyeondong
역북동,역북동,처인구,eupmyeondong
두정동,두정동,천안,eupmyeondong
불당동,불당동,천안,eupmyeondong
성성동,성성동,천안,eupmyeondong
성정동,성정동,천안,eupmyeondong
신방동,신방동,천안,eupmyeondong
신부동,신부동,천안,eupmyeondong
쌍용동,쌍용동,천안,eupmyeondong
용곡동,용곡동,천안,eupmyeondong
청당동,청당동,천안,eupmyeondong
청수동,청수동,천안,eupmyeondong
가경동,가경동,청주,eupmyeondong
강서동,강서동,청주,eupmyeondong
개신동,개신동,청주,eupmyeondong
구성동,구성동,청주,eupmyeondong
금천동,금천동,청주,eupmyeondong
내덕동,내덕동,청주,eupmyeondong
모충동,모충동,청주,eupmyeondong
문화동,문화동,청주,eupmyeondong
방서동,방서동,청주,eupmyeondong
복대동,복대동,청주,eupmyeondong
봉명동,봉명동,청주,eupmyeondong
분평동,분평동,청주,eupmyeondong
비하동,비하동,청주,eupmyeondong
사직동,사직동,청주,eupmyeondong
사창동,사창동,청주,eupmyeondong
사천동,사천동,청주,eupmyeondong
산남동,산남동,청주,eupmyeondong
상당구,상당구,청주,eupmyeondong
성화동,성화동,청주,eupmyeondong
수곡동,수곡동,청주,eupmyeondong
오창읍,오창읍,청주,eupmyeondong
용담동,용담동,청주,eupmyeondong
용암동,용암동,청주,eupmyeondong
용정동,용정동,청주,eupmyeondong
율량동,율량동,청주,eupmyeondong
주성동,주성동,청주,eupmyeondong
근화동,근화동,춘천,eupmyeondong
석사동,석사동,춘천,eupmyeondong
온의동,온의동,춘천,eupmyeondong
퇴계동,퇴계동,춘천,eupmyeondong
효자동,효자동,춘천,eupmyeondong
후평동,후평동,춘천,eupmyeondong
교현동,교현동,충주,eupmyeondong
목행동,목행동,충주,eupmyeondong
안림동,안림동,충주,eupmyeondong
칠금동,칠금동,충주,eupmyeondong
교하동,교하동,파주,eupmyeondong
금릉동,금릉동,파주,eupmyeondong
금촌동,금촌동,파주,eupmyeondong
동패동,동패동,파주,eupmyeondong
목동동,목동동,파주,eupmyeondong
야당동,야당동,파주,eupmyeondong
와동동,와동동,파주,eupmyeondong
우만동,우만동,팔달구,eupmyeondong
인계동,인계동,팔달구,eupmyeondong
비전동,비전동,평택,eupmyeondong
용이동,용이동,평택,eupmyeondong
소흘읍,소흘읍,포천,eupmyeondong
대잠동,대잠동,포항,eupmyeondong
두호동,두호동,포항,eupmyeondong
양덕동,양덕동,포항,eupmyeondong
오천읍,오천읍,포항,eupmyeondong
우현동,우현동,포항,eupmyeondong
장성동,장성동,포항,eupmyeondong
창포동,창포동,포항,eupmyeondong
학잠동,학잠동,포항,eupmyeondong
대이동,대이동,포항시-남구,eupmyeondong
감북동,감북동,하남,eupmyeondong
감이동,감이동,하남,eupmyeondong
감일동,감일동,하남,eupmyeondong
덕풍동,덕풍동,하남,eupmyeondong
망월동,망월동,하남,eupmyeondong
미사동,미사동,하남,eupmyeondong
반송동,반송동,하남,eupmyeondong
신장동,신장동,하남,eupmyeondong
위례동,위례동,하남,eupmyeondong
창우동,창우동,하남,eupmyeondong
풍산동,풍산동,하남,eupmyeondong
향남읍,향남읍,하남,eupmyeondong
반여동,반여동,해운대,eupmyeondong
부산우동,부산우동,해운대,eupmyeondong
부산좌동,부산좌동,해운대,eupmyeondong
부산중동,부산중동,해운대,eupmyeondong
재송동,재송동,해운대,eupmyeondong
우동,우동,해운대구,eupmyeondong
반월동,반월동,화성,eupmyeondong
병점동,병점동,화성,eupmyeondong
봉담읍,봉담읍,화성,eupmyeondong
석우동,석우동,화성,eupmyeondong
진안동,진안동,화성,eupmyeondong
청계동,청계동,화성,eupmyeondong
화성능동,화성능동,화성,eupmyeondong
전국,전국,,root
강원,강원,전국,sido
경기,경기,전국,sido
경기도,경기도,전국,sido
경남,경남,전국,sido
경북,경북,전국,sido
광주,광주,전국,sido
대구,대구,전국,sido
대전,대전,전국,sido
부산,부산,전국,sido
서울,서울,전국,sido
세종,세종,전국,sido
울산,울산,전국,sido
인천,인천,전국,sido
전남,전남,전국,sido
전북,전북,전국,sido
제주,제주,전국,sido
충남,충남,전국,sido
충북,충북,전국,sido
원주,원주,강원,sigungu
춘천,춘천,강원,sigungu
춘천시,춘천시,강원,sigungu
성남시 분당구,성남시-분당구,경기,sigungu
수원시 영통구,수원시-영통구,경기,sigungu
경기광주,경기광주,경기도,sigungu
과천,과천,경기도,sigungu
광명,광명,경기도,sigungu
구리,구리,경기도,sigungu
군포,군포,경기도,sigungu
권선구,권선구,경기도,sigungu
기흥구,기흥구,경기도,sigungu
김포,김포,경기도,sigungu
남양주,남양주,경기도,sigungu
단원구,단원구,경기도,sigungu
덕양구,덕양구,경기도,sigungu
동두천,동두천,경기도,sigungu
부천,부천,경기도,sigungu
분당구,분당구,경기도,sigungu
상록구,상록구,경기도,sigungu
성남,성남,경기도,sigungu
소사구,소사구,경기도,sigungu
수원,수원,경기도,sigungu
수정구,수정구,경기도,sigungu
수지구,수지구,경기도,sigungu
시흥,시흥,경기도,sigungu
안산,안산,경기도,sigungu
안양,안양,경기도,sigungu
양주,양주,경기도,sigungu
영통구,영통구,경기도,sigungu
오산,오산,경기도,sigungu
오정구,오정구,경기도,sigungu
용인,용인,경기도,sigungu
원미구,원미구,경기도,sigungu
의왕시,의왕시,경기도,sigungu
이천,이천,경기도,sigungu
일산,일산,경기도,sigungu
일산동,일산동,경기도,sigungu
일산동구,일산동구,경기도,sigungu
일산서구,일산서구,경기도,sigungu
장안구,장안구,경기도,sigungu
중원구,중원구,경기도,sigungu
처인구,처인구,경기도,sigungu
파주,파주,경기도,sigungu
팔달구,팔달구,경기도,sigungu
평택,평택,경기도,sigungu
포천,포천,경기도,sigungu
하남,하남,경기도,sigungu
화성,화성,경기도,sigungu
창원시 성산구,창원시-성산구,경남,sigungu
경산,경산,경북,sigungu
양산,양산,경북,sigungu
포항,포항,경북,sigungu
포항시 남구,포항시-남구,경북,sigungu
광산구,광산구,광주,sigungu
광주남구,광주남구,광주,sigungu
광주북구,광주북구,광주,sigungu
광주서구,광주서구,광주,sigungu
광주중구,광주중구,광주,sigungu
상무지구,상무지구,광주,sigungu
첨단지구,첨단지구,광주,sigungu
대구남구,대구남구,대구,sigungu
대구동구,대구동구,대구,sigungu
대구북구,대구북구,대구,sigungu
대구서구,대구서구,대구,sigungu
대구중구,대구중구,대구,sigungu
수성구,수성구,대구,sigungu
대덕구,대덕구,대전,sigungu
대전동구,대전동구,대전,sigungu
대전북구,대전북구,대전,sigungu
대전서구,대전서구,대전,sigungu
대전중구,대전중구,대전,sigungu
유성구,유성구,대전,sigungu
금정구,금정구,부산,sigungu
동래구,동래구,부산,sigungu
부산북구,부산북구,부산,sigungu
부산진구,부산진구,부산,sigungu
사상구,사상구,부산,sigungu
사하구,사하구,부산,sigungu
수영구,수영구,부산,sigungu
연제구,연제구,부산,sigungu
의정부,의정부,부산,sigungu
종로구,종로구,부산,sigungu
해운대,해운대,부산,sigungu
해운대구,해운대구,부산,sigungu
강남구,강남구,서울,sigungu
강동구,강동구,서울,sigungu
강북구,강북구,서울,sigungu
강서구,강서구,서울,sigungu
관악구,관악구,서울,sigungu
광진구,광진구,서울,sigungu
구로구,구로구,서울,sigungu
금천구,금천구,서울,sigungu
노원구,노원구,서울,sigungu
도봉구,도봉구,서울,sigungu
동대문,동대문,서울,sigungu
동작구,동작구,서울,sigungu
마포구,마포구,서울,sigungu
북구,북구,서울,sigungu
서대문,서대문,서울,sigungu
서대문구,서대문구,서울,sigungu
서초구,서초구,서울,sigungu
성동구,성동구,서울,sigungu
성북구,성북구,서울,sigungu
송파구,송파구,서울,sigungu
양천구,양천구,서울,sigungu
영등포,영등포,서울,sigungu
용산구,용산구,서울,sigungu
은평구,은평구,서울,sigungu
중랑구,중랑구,서울,sigungu
고운동,고운동,세종,sigungu
다정동,다정동,세종,sigungu
도담동,도담동,세종,sigungu
모현동,모현동,세종,sigungu
보람동,보람동,세종,sigungu
새롬동,새롬동,세종,sigungu
세종시,세종시,세종,sigungu
아름동,아름동,세종,sigungu
종촌동,종촌동,세종,sigungu
남구,남구,울산,sigungu
울산남구,울산남구,울산,sigungu
울산동구,울산동구,울산,sigungu
울산북구,울산북구,울산,sigungu
울산중구,울산중구,울산,sigungu
울주군,울주군,울산,sigungu
계양구,계양구,인천,sigungu
남동구,남동구,인천,sigungu
달서구,달서구,인천,sigungu
미추홀,미추홀,인천,sigungu
부평구,부평구,인천,sigungu
서구,서구,인천,sigungu
연수구,연수구,인천,sigungu
목포시,목포시,전남,sigungu
익산,익산,전북,sigungu
전주,전주,전북,sigungu
전주시 완산구,전주시-완산구,전북,sigungu
제주시,제주시,제주,sigungu
천안시 서북구,천안시-서북구,충남,sigungu
천안,천안,충북,sigungu
청주,청주,충북,sigungu
청주시 흥덕구,청주시-흥덕구,충북,sigungu
충주,충주,충북,sigungu
